UserQuery,Intent,question,response
How much is the Samsung Galaxy S21?,PriceInquiry,,
Tell me more about the Samsung Galaxy S21.,ProductDetails,,
Do you have the Samsung Galaxy S21 in stock?,ProductAvailability,,
How much is the Apple iPhone 13?,PriceInquiry,,
Tell me more about the Apple iPhone 13.,ProductDetails,,
Do you have the Apple iPhone 13 in stock?,ProductAvailability,,
How much is the Dell Inspiron Laptop?,PriceInquiry,,
Tell me more about the Dell Inspiron Laptop.,ProductDetails,,
Do you have the Dell Inspiron Laptop in stock?,ProductAvailability,,
How much is the Sony WH-1000XM4 Headphones?,PriceInquiry,,
Tell me more about the Sony WH-1000XM4 Headphones.,ProductDetails,,
Do you have the Sony WH-1000XM4 Headphones in stock?,ProductAvailability,,
How much is the Apple Watch Series 7?,PriceInquiry,,
Tell me more about the Apple Watch Series 7.,ProductDetails,,
Do you have the Apple Watch Series 7 in stock?,ProductAvailability,,
How much is the Sony 55 inch 4K TV?,PriceInquiry,,
Tell me more about the Sony 55 inch 4K TV.,ProductDetails,,
Do you have the Sony 55 inch 4K TV in stock?,ProductAvailability,,
How much is the Nikon D3500 DSLR?,PriceInquiry,,
Tell me more about the Nikon D3500 DSLR.,ProductDetails,,
Do you have the Nikon D3500 DSLR in stock?,ProductAvailability,,
How much is the Amazon Kindle Paperwhite?,PriceInquiry,,
Tell me more about the Amazon Kindle Paperwhite.,ProductDetails,,
Do you have the Amazon Kindle Paperwhite in stock?,ProductAvailability,,
How much is the Apple iPad Air?,PriceInquiry,,
Tell me more about the Apple iPad Air.,ProductDetails,,
Do you have the Apple iPad Air in stock?,ProductAvailability,,
How much is the Logitech G Pro Mouse?,PriceInquiry,,
Tell me more about the Logitech G Pro Mouse.,ProductDetails,,
Do you have the Logitech G Pro Mouse in stock?,ProductAvailability,,
How much is the Samsung Galaxy S21 Variant 1?,PriceInquiry,,
Tell me more about the Samsung Galaxy S21 Variant 1.,ProductDetails,,
Do you have the Samsung Galaxy S21 Variant 1 in stock?,ProductAvailability,,
How much is the Apple iPhone 13 Variant 1?,PriceInquiry,,
Tell me more about the Apple iPhone 13 Variant 1.,ProductDetails,,
Do you have the Apple iPhone 13 Variant 1 in stock?,ProductAvailability,,
How much is the Dell Inspiron Laptop Variant 1?,PriceInquiry,,
Tell me more about the Dell Inspiron Laptop Variant 1.,ProductDetails,,
Do you have the Dell Inspiron Laptop Variant 1 in stock?,ProductAvailability,,
How much is the Sony WH-1000XM4 Headphones Variant 1?,PriceInquiry,,
Tell me more about the Sony WH-1000XM4 Headphones Variant 1.,ProductDetails,,
Do you have the Sony WH-1000XM4 Headphones Variant 1 in stock?,ProductAvailability,,
How much is the Apple Watch Series 7 Variant 1?,PriceInquiry,,
Tell me more about the Apple Watch Series 7 Variant 1.,ProductDetails,,
Do you have the Apple Watch Series 7 Variant 1 in stock?,ProductAvailability,,
How much is the Sony 55 inch 4K TV Variant 1?,PriceInquiry,,
Tell me more about the Sony 55 inch 4K TV Variant 1.,ProductDetails,,
Do you have the Sony 55 inch 4K TV Variant 1 in stock?,ProductAvailability,,
How much is the Nikon D3500 DSLR Variant 1?,PriceInquiry,,
Tell me more about the Nikon D3500 DSLR Variant 1.,ProductDetails,,
Do you have the Nikon D3500 DSLR Variant 1 in stock?,ProductAvailability,,
How much is the Amazon Kindle Paperwhite Variant 1?,PriceInquiry,,
Tell me more about the Amazon Kindle Paperwhite Variant 1.,ProductDetails,,
Do you have the Amazon Kindle Paperwhite Variant 1 in stock?,ProductAvailability,,
How much is the Apple iPad Air Variant 1?,PriceInquiry,,
Tell me more about the Apple iPad Air Variant 1.,ProductDetails,,
Do you have the Apple iPad Air Variant 1 in stock?,ProductAvailability,,
How much is the Logitech G Pro Mouse Variant 1?,PriceInquiry,,
Tell me more about the Logitech G Pro Mouse Variant 1.,ProductDetails,,
Do you have the Logitech G Pro Mouse Variant 1 in stock?,ProductAvailability,,
How much is the Samsung Galaxy S21 Variant 2?,PriceInquiry,,
Tell me more about the Samsung Galaxy S21 Variant 2.,ProductDetails,,
Do you have the Samsung Galaxy S21 Variant 2 in stock?,ProductAvailability,,
How much is the Apple iPhone 13 Variant 2?,PriceInquiry,,
Tell me more about the Apple iPhone 13 Variant 2.,ProductDetails,,
Do you have the Apple iPhone 13 Variant 2 in stock?,ProductAvailability,,
How much is the Dell Inspiron Laptop Variant 2?,PriceInquiry,,
Tell me more about the Dell Inspiron Laptop Variant 2.,ProductDetails,,
Do you have the Dell Inspiron Laptop Variant 2 in stock?,ProductAvailability,,
How much is the Sony WH-1000XM4 Headphones Variant 2?,PriceInquiry,,
Tell me more about the Sony WH-1000XM4 Headphones Variant 2.,ProductDetails,,
Do you have the Sony WH-1000XM4 Headphones Variant 2 in stock?,ProductAvailability,,
How much is the Apple Watch Series 7 Variant 2?,PriceInquiry,,
Tell me more about the Apple Watch Series 7 Variant 2.,ProductDetails,,
Do you have the Apple Watch Series 7 Variant 2 in stock?,ProductAvailability,,
How much is the Sony 55 inch 4K TV Variant 2?,PriceInquiry,,
Tell me more about the Sony 55 inch 4K TV Variant 2.,ProductDetails,,
Do you have the Sony 55 inch 4K TV Variant 2 in stock?,ProductAvailability,,
How much is the Nikon D3500 DSLR Variant 2?,PriceInquiry,,
Tell me more about the Nikon D3500 DSLR Variant 2.,ProductDetails,,
Do you have the Nikon D3500 DSLR Variant 2 in stock?,ProductAvailability,,
How much is the Amazon Kindle Paperwhite Variant 2?,PriceInquiry,,
Tell me more about the Amazon Kindle Paperwhite Variant 2.,ProductDetails,,
Do you have the Amazon Kindle Paperwhite Variant 2 in stock?,ProductAvailability,,
How much is the Apple iPad Air Variant 2?,PriceInquiry,,
Tell me more about the Apple iPad Air Variant 2.,ProductDetails,,
Do you have the Apple iPad Air Variant 2 in stock?,ProductAvailability,,
How much is the Logitech G Pro Mouse Variant 2?,PriceInquiry,,
Tell me more about the Logitech G Pro Mouse Variant 2.,ProductDetails,,
Do you have the Logitech G Pro Mouse Variant 2 in stock?,ProductAvailability,,
How much is the Samsung Galaxy S21 Variant 3?,PriceInquiry,,
Tell me more about the Samsung Galaxy S21 Variant 3.,ProductDetails,,
Do you have the Samsung Galaxy S21 Variant 3 in stock?,ProductAvailability,,
How much is the Apple iPhone 13 Variant 3?,PriceInquiry,,
Tell me more about the Apple iPhone 13 Variant 3.,ProductDetails,,
Do you have the Apple iPhone 13 Variant 3 in stock?,ProductAvailability,,
How much is the Dell Inspiron Laptop Variant 3?,PriceInquiry,,
Tell me more about the Dell Inspiron Laptop Variant 3.,ProductDetails,,
Do you have the Dell Inspiron Laptop Variant 3 in stock?,ProductAvailability,,
How much is the Sony WH-1000XM4 Headphones Variant 3?,PriceInquiry,,
Tell me more about the Sony WH-1000XM4 Headphones Variant 3.,ProductDetails,,
Do you have the Sony WH-1000XM4 Headphones Variant 3 in stock?,ProductAvailability,,
How much is the Apple Watch Series 7 Variant 3?,PriceInquiry,,
Tell me more about the Apple Watch Series 7 Variant 3.,ProductDetails,,
Do you have the Apple Watch Series 7 Variant 3 in stock?,ProductAvailability,,
How much is the Sony 55 inch 4K TV Variant 3?,PriceInquiry,,
Tell me more about the Sony 55 inch 4K TV Variant 3.,ProductDetails,,
Do you have the Sony 55 inch 4K TV Variant 3 in stock?,ProductAvailability,,
How much is the Nikon D3500 DSLR Variant 3?,PriceInquiry,,
Tell me more about the Nikon D3500 DSLR Variant 3.,ProductDetails,,
Do you have the Nikon D3500 DSLR Variant 3 in stock?,ProductAvailability,,
How much is the Amazon Kindle Paperwhite Variant 3?,PriceInquiry,,
Tell me more about the Amazon Kindle Paperwhite Variant 3.,ProductDetails,,
Do you have the Amazon Kindle Paperwhite Variant 3 in stock?,ProductAvailability,,
How much is the Apple iPad Air Variant 3?,PriceInquiry,,
Tell me more about the Apple iPad Air Variant 3.,ProductDetails,,
Do you have the Apple iPad Air Variant 3 in stock?,ProductAvailability,,
How much is the Logitech G Pro Mouse Variant 3?,PriceInquiry,,
Tell me more about the Logitech G Pro Mouse Variant 3.,ProductDetails,,
Do you have the Logitech G Pro Mouse Variant 3 in stock?,ProductAvailability,,
How much is the Samsung Galaxy S21 Variant 4?,PriceInquiry,,
Tell me more about the Samsung Galaxy S21 Variant 4.,ProductDetails,,
Do you have the Samsung Galaxy S21 Variant 4 in stock?,ProductAvailability,,
How much is the Apple iPhone 13 Variant 4?,PriceInquiry,,
Tell me more about the Apple iPhone 13 Variant 4.,ProductDetails,,
Do you have the Apple iPhone 13 Variant 4 in stock?,ProductAvailability,,
How much is the Dell Inspiron Laptop Variant 4?,PriceInquiry,,
Tell me more about the Dell Inspiron Laptop Variant 4.,ProductDetails,,
Do you have the Dell Inspiron Laptop Variant 4 in stock?,ProductAvailability,,
How much is the Sony WH-1000XM4 Headphones Variant 4?,PriceInquiry,,
Tell me more about the Sony WH-1000XM4 Headphones Variant 4.,ProductDetails,,
Do you have the Sony WH-1000XM4 Headphones Variant 4 in stock?,ProductAvailability,,
How much is the Apple Watch Series 7 Variant 4?,PriceInquiry,,
Tell me more about the Apple Watch Series 7 Variant 4.,ProductDetails,,
Do you have the Apple Watch Series 7 Variant 4 in stock?,ProductAvailability,,
How much is the Sony 55 inch 4K TV Variant 4?,PriceInquiry,,
Tell me more about the Sony 55 inch 4K TV Variant 4.,ProductDetails,,
Do you have the Sony 55 inch 4K TV Variant 4 in stock?,ProductAvailability,,
How much is the Nikon D3500 DSLR Variant 4?,PriceInquiry,,
Tell me more about the Nikon D3500 DSLR Variant 4.,ProductDetails,,
Do you have the Nikon D3500 DSLR Variant 4 in stock?,ProductAvailability,,
How much is the Amazon Kindle Paperwhite Variant 4?,PriceInquiry,,
Tell me more about the Amazon Kindle Paperwhite Variant 4.,ProductDetails,,
Do you have the Amazon Kindle Paperwhite Variant 4 in stock?,ProductAvailability,,
How much is the Apple iPad Air Variant 4?,PriceInquiry,,
Tell me more about the Apple iPad Air Variant 4.,ProductDetails,,
Do you have the Apple iPad Air Variant 4 in stock?,ProductAvailability,,
How much is the Logitech G Pro Mouse Variant 4?,PriceInquiry,,
Tell me more about the Logitech G Pro Mouse Variant 4.,ProductDetails,,
Do you have the Logitech G Pro Mouse Variant 4 in stock?,ProductAvailability,,
How much is the Samsung Galaxy S21 Variant 5?,PriceInquiry,,
Tell me more about the Samsung Galaxy S21 Variant 5.,ProductDetails,,
Do you have the Samsung Galaxy S21 Variant 5 in stock?,ProductAvailability,,
How much is the Apple iPhone 13 Variant 5?,PriceInquiry,,
Tell me more about the Apple iPhone 13 Variant 5.,ProductDetails,,
Do you have the Apple iPhone 13 Variant 5 in stock?,ProductAvailability,,
How much is the Dell Inspiron Laptop Variant 5?,PriceInquiry,,
Tell me more about the Dell Inspiron Laptop Variant 5.,ProductDetails,,
Do you have the Dell Inspiron Laptop Variant 5 in stock?,ProductAvailability,,
How much is the Sony WH-1000XM4 Headphones Variant 5?,PriceInquiry,,
Tell me more about the Sony WH-1000XM4 Headphones Variant 5.,ProductDetails,,
Do you have the Sony WH-1000XM4 Headphones Variant 5 in stock?,ProductAvailability,,
How much is the Apple Watch Series 7 Variant 5?,PriceInquiry,,
Tell me more about the Apple Watch Series 7 Variant 5.,ProductDetails,,
Do you have the Apple Watch Series 7 Variant 5 in stock?,ProductAvailability,,
How much is the Sony 55 inch 4K TV Variant 5?,PriceInquiry,,
Tell me more about the Sony 55 inch 4K TV Variant 5.,ProductDetails,,
Do you have the Sony 55 inch 4K TV Variant 5 in stock?,ProductAvailability,,
How much is the Nikon D3500 DSLR Variant 5?,PriceInquiry,,
Tell me more about the Nikon D3500 DSLR Variant 5.,ProductDetails,,
Do you have the Nikon D3500 DSLR Variant 5 in stock?,ProductAvailability,,
How much is the Amazon Kindle Paperwhite Variant 5?,PriceInquiry,,
Tell me more about the Amazon Kindle Paperwhite Variant 5.,ProductDetails,,
Do you have the Amazon Kindle Paperwhite Variant 5 in stock?,ProductAvailability,,
How much is the Apple iPad Air Variant 5?,PriceInquiry,,
Tell me more about the Apple iPad Air Variant 5.,ProductDetails,,
Do you have the Apple iPad Air Variant 5 in stock?,ProductAvailability,,
How much is the Logitech G Pro Mouse Variant 5?,PriceInquiry,,
Tell me more about the Logitech G Pro Mouse Variant 5.,ProductDetails,,
Do you have the Logitech G Pro Mouse Variant 5 in stock?,ProductAvailability,,
How much is the Samsung Galaxy S21 Variant 6?,PriceInquiry,,
Tell me more about the Samsung Galaxy S21 Variant 6.,ProductDetails,,
Do you have the Samsung Galaxy S21 Variant 6 in stock?,ProductAvailability,,
How much is the Apple iPhone 13 Variant 6?,PriceInquiry,,
Tell me more about the Apple iPhone 13 Variant 6.,ProductDetails,,
Do you have the Apple iPhone 13 Variant 6 in stock?,ProductAvailability,,
How much is the Dell Inspiron Laptop Variant 6?,PriceInquiry,,
Tell me more about the Dell Inspiron Laptop Variant 6.,ProductDetails,,
Do you have the Dell Inspiron Laptop Variant 6 in stock?,ProductAvailability,,
How much is the Sony WH-1000XM4 Headphones Variant 6?,PriceInquiry,,
Tell me more about the Sony WH-1000XM4 Headphones Variant 6.,ProductDetails,,
Do you have the Sony WH-1000XM4 Headphones Variant 6 in stock?,ProductAvailability,,
How much is the Apple Watch Series 7 Variant 6?,PriceInquiry,,
Tell me more about the Apple Watch Series 7 Variant 6.,ProductDetails,,
Do you have the Apple Watch Series 7 Variant 6 in stock?,ProductAvailability,,
How much is the Sony 55 inch 4K TV Variant 6?,PriceInquiry,,
Tell me more about the Sony 55 inch 4K TV Variant 6.,ProductDetails,,
Do you have the Sony 55 inch 4K TV Variant 6 in stock?,ProductAvailability,,
How much is the Nikon D3500 DSLR Variant 6?,PriceInquiry,,
Tell me more about the Nikon D3500 DSLR Variant 6.,ProductDetails,,
Do you have the Nikon D3500 DSLR Variant 6 in stock?,ProductAvailability,,
How much is the Amazon Kindle Paperwhite Variant 6?,PriceInquiry,,
Tell me more about the Amazon Kindle Paperwhite Variant 6.,ProductDetails,,
Do you have the Amazon Kindle Paperwhite Variant 6 in stock?,ProductAvailability,,
How much is the Apple iPad Air Variant 6?,PriceInquiry,,
Tell me more about the Apple iPad Air Variant 6.,ProductDetails,,
Do you have the Apple iPad Air Variant 6 in stock?,ProductAvailability,,
How much is the Logitech G Pro Mouse Variant 6?,PriceInquiry,,
Tell me more about the Logitech G Pro Mouse Variant 6.,ProductDetails,,
Do you have the Logitech G Pro Mouse Variant 6 in stock?,ProductAvailability,,
How much is the Samsung Galaxy S21 Variant 7?,PriceInquiry,,
Tell me more about the Samsung Galaxy S21 Variant 7.,ProductDetails,,
Do you have the Samsung Galaxy S21 Variant 7 in stock?,ProductAvailability,,
How much is the Apple iPhone 13 Variant 7?,PriceInquiry,,
Tell me more about the Apple iPhone 13 Variant 7.,ProductDetails,,
Do you have the Apple iPhone 13 Variant 7 in stock?,ProductAvailability,,
How much is the Dell Inspiron Laptop Variant 7?,PriceInquiry,,
Tell me more about the Dell Inspiron Laptop Variant 7.,ProductDetails,,
Do you have the Dell Inspiron Laptop Variant 7 in stock?,ProductAvailability,,
How much is the Sony WH-1000XM4 Headphones Variant 7?,PriceInquiry,,
Tell me more about the Sony WH-1000XM4 Headphones Variant 7.,ProductDetails,,
Do you have the Sony WH-1000XM4 Headphones Variant 7 in stock?,ProductAvailability,,
How much is the Apple Watch Series 7 Variant 7?,PriceInquiry,,
Tell me more about the Apple Watch Series 7 Variant 7.,ProductDetails,,
Do you have the Apple Watch Series 7 Variant 7 in stock?,ProductAvailability,,
How much is the Sony 55 inch 4K TV Variant 7?,PriceInquiry,,
Tell me more about the Sony 55 inch 4K TV Variant 7.,ProductDetails,,
Do you have the Sony 55 inch 4K TV Variant 7 in stock?,ProductAvailability,,
How much is the Nikon D3500 DSLR Variant 7?,PriceInquiry,,
Tell me more about the Nikon D3500 DSLR Variant 7.,ProductDetails,,
Do you have the Nikon D3500 DSLR Variant 7 in stock?,ProductAvailability,,
How much is the Amazon Kindle Paperwhite Variant 7?,PriceInquiry,,
Tell me more about the Amazon Kindle Paperwhite Variant 7.,ProductDetails,,
Do you have the Amazon Kindle Paperwhite Variant 7 in stock?,ProductAvailability,,
How much is the Apple iPad Air Variant 7?,PriceInquiry,,
Tell me more about the Apple iPad Air Variant 7.,ProductDetails,,
Do you have the Apple iPad Air Variant 7 in stock?,ProductAvailability,,
How much is the Logitech G Pro Mouse Variant 7?,PriceInquiry,,
Tell me more about the Logitech G Pro Mouse Variant 7.,ProductDetails,,
Do you have the Logitech G Pro Mouse Variant 7 in stock?,ProductAvailability,,
How much is the Samsung Galaxy S21 Variant 8?,PriceInquiry,,
Tell me more about the Samsung Galaxy S21 Variant 8.,ProductDetails,,
Do you have the Samsung Galaxy S21 Variant 8 in stock?,ProductAvailability,,
How much is the Apple iPhone 13 Variant 8?,PriceInquiry,,
Tell me more about the Apple iPhone 13 Variant 8.,ProductDetails,,
Do you have the Apple iPhone 13 Variant 8 in stock?,ProductAvailability,,
How much is the Dell Inspiron Laptop Variant 8?,PriceInquiry,,
Tell me more about the Dell Inspiron Laptop Variant 8.,ProductDetails,,
Do you have the Dell Inspiron Laptop Variant 8 in stock?,ProductAvailability,,
How much is the Sony WH-1000XM4 Headphones Variant 8?,PriceInquiry,,
Tell me more about the Sony WH-1000XM4 Headphones Variant 8.,ProductDetails,,
Do you have the Sony WH-1000XM4 Headphones Variant 8 in stock?,ProductAvailability,,
How much is the Apple Watch Series 7 Variant 8?,PriceInquiry,,
Tell me more about the Apple Watch Series 7 Variant 8.,ProductDetails,,
Do you have the Apple Watch Series 7 Variant 8 in stock?,ProductAvailability,,
How much is the Sony 55 inch 4K TV Variant 8?,PriceInquiry,,
Tell me more about the Sony 55 inch 4K TV Variant 8.,ProductDetails,,
Do you have the Sony 55 inch 4K TV Variant 8 in stock?,ProductAvailability,,
How much is the Nikon D3500 DSLR Variant 8?,PriceInquiry,,
Tell me more about the Nikon D3500 DSLR Variant 8.,ProductDetails,,
Do you have the Nikon D3500 DSLR Variant 8 in stock?,ProductAvailability,,
How much is the Amazon Kindle Paperwhite Variant 8?,PriceInquiry,,
Tell me more about the Amazon Kindle Paperwhite Variant 8.,ProductDetails,,
Do you have the Amazon Kindle Paperwhite Variant 8 in stock?,ProductAvailability,,
How much is the Apple iPad Air Variant 8?,PriceInquiry,,
Tell me more about the Apple iPad Air Variant 8.,ProductDetails,,
Do you have the Apple iPad Air Variant 8 in stock?,ProductAvailability,,
How much is the Logitech G Pro Mouse Variant 8?,PriceInquiry,,
Tell me more about the Logitech G Pro Mouse Variant 8.,ProductDetails,,
Do you have the Logitech G Pro Mouse Variant 8 in stock?,ProductAvailability,,
How much is the Samsung Galaxy S21 Variant 9?,PriceInquiry,,
Tell me more about the Samsung Galaxy S21 Variant 9.,ProductDetails,,
Do you have the Samsung Galaxy S21 Variant 9 in stock?,ProductAvailability,,
How much is the Apple iPhone 13 Variant 9?,PriceInquiry,,
Tell me more about the Apple iPhone 13 Variant 9.,ProductDetails,,
Do you have the Apple iPhone 13 Variant 9 in stock?,ProductAvailability,,
How much is the Dell Inspiron Laptop Variant 9?,PriceInquiry,,
Tell me more about the Dell Inspiron Laptop Variant 9.,ProductDetails,,
Do you have the Dell Inspiron Laptop Variant 9 in stock?,ProductAvailability,,
How much is the Sony WH-1000XM4 Headphones Variant 9?,PriceInquiry,,
Tell me more about the Sony WH-1000XM4 Headphones Variant 9.,ProductDetails,,
Do you have the Sony WH-1000XM4 Headphones Variant 9 in stock?,ProductAvailability,,
How much is the Apple Watch Series 7 Variant 9?,PriceInquiry,,
Tell me more about the Apple Watch Series 7 Variant 9.,ProductDetails,,
Do you have the Apple Watch Series 7 Variant 9 in stock?,ProductAvailability,,
How much is the Sony 55 inch 4K TV Variant 9?,PriceInquiry,,
Tell me more about the Sony 55 inch 4K TV Variant 9.,ProductDetails,,
Do you have the Sony 55 inch 4K TV Variant 9 in stock?,ProductAvailability,,
How much is the Nikon D3500 DSLR Variant 9?,PriceInquiry,,
Tell me more about the Nikon D3500 DSLR Variant 9.,ProductDetails,,
Do you have the Nikon D3500 DSLR Variant 9 in stock?,ProductAvailability,,
How much is the Amazon Kindle Paperwhite Variant 9?,PriceInquiry,,
Tell me more about the Amazon Kindle Paperwhite Variant 9.,ProductDetails,,
Do you have the Amazon Kindle Paperwhite Variant 9 in stock?,ProductAvailability,,
How much is the Apple iPad Air Variant 9?,PriceInquiry,,
Tell me more about the Apple iPad Air Variant 9.,ProductDetails,,
Do you have the Apple iPad Air Variant 9 in stock?,ProductAvailability,,
How much is the Logitech G Pro Mouse Variant 9?,PriceInquiry,,
Tell me more about the Logitech G Pro Mouse Variant 9.,ProductDetails,,
Do you have the Logitech G Pro Mouse Variant 9 in stock?,ProductAvailability,,
,,Hi,Hello!
,,Hello there,"Hi there, how can I help?"
,,How are you doing?,"I'm just a bot, but I'm doing well. How can I assist you?"
,,What's up?,Not much! How can I help you?
,,How's it going?,I'm here and ready to help!
,,Good morning,Good morning! How can I assist you today?
,,Good evening,Good evening! What can I do for you?
,,Good night,"Good night! If you have questions, feel free to ask."
,,See you soon,"See you! If you have more questions, just ask."
,,Catch you later,Take care! Let me know if you need anything.
,,Tell me a joke,Why did the programmer quit his job? Because he didn't get arrays (a raise)!
,,Can you make me laugh?,Why did the JavaScript file go to the doctor? It had too many bugs.
,,Who are you?,"I'm FineTech Assistant, your virtual helper."
,,What can you do?,"I can provide information, answer questions, and more. Just ask!"
,,Can you help me?,Of course! What do you need?
,,Are you a robot?,"Yes, I'm a virtual assistant."
,,Are you human?,"No, I'm just a chatbot."
,,What's your name?,I'm FineTech Assistant.
,,When were you created?,"I've been here for a while, always ready to help."
,,Who created you?,I was created by developers to assist users.
,,Do you sleep?,"No, I'm always awake and ready to help."
,,Do you eat?,"I don't eat, but I can help find you some tech products!"
,,Can you think?,"I can't think like humans, but I can process information."
,,How do you work?,I'm powered by algorithms and programming.
,,What's your favorite color?,"I don't have preferences, but I'm here to help."
,,Do you have feelings?,"I don't have emotions, but I can provide information."
,,Can you read?,I can process and display text.
,,Do you dream?,"I don't dream, but I'm always here to help."
,,Can you sing?,"I can't sing, but I can answer questions."
,,Tell me something interesting,Did you know the first computer bug was an actual bug? It was a moth.
,,Who's your creator?,I was created by developers.
,,Why are you here?,I'm here to help and answer questions.
,,Can I trust you?,I'm just a tool designed to assist. Always verify information.
,,Are you smart?,I try my best with the information I have.
,,Are you better than Siri?,"I'm just a tool, but I aim to be helpful."
,,Can you beat Alexa?,"I'm designed to assist, not to compete."
,,How old are you?,"I don't age, but I'm always here to help."
,,Where are you from?,I'm from the digital world.
,,What's the meaning of life?,To help and provide information.
,,Do you have parents?,"I was designed, not born."
,,Do you have siblings?,I'm a standalone program.
,,Can you see?,"I can't see, but I can process requests."
,,Can you hear?,"I don't hear, but I can read text."
,,Can you touch?,I don't have a physical form.
,,Can you smell?,"I can't smell, but I can provide data."
,,What language do you speak?,I'm programmed to understand multiple languages.
,,How can I turn you off?,Just close the browser or app.
,,Are you always online?,"Yes, I'm here whenever you need."
,,Do you have a heart?,I don't have emotions or a physical form.
,,Can you remember things?,"I can remember during a session, but I don't store personal data."
,,Are you alive?,I exist in the digital realm.
,,Do you have a soul?,I'm a collection of code and algorithms.
,,Why should I talk to you?,I can provide information and answers.
,,Can you love?,"I don't have emotions, but I'm here to help."
,,Do you know everything?,"I don't know everything, but I try my best."
